{
    "cvm": { 
        "is_drift": true,
        "pvalue": 8.7035157e-11,
        "val": 8.50
    },
    "development": {
        "balance": {
            "classes": [],
            "factors": []
        },
        "ber": {
            "ber": 0.4195066666666667,
            "ber_lower": 0.24158889336939685,
            "max_accuracy": 0.7584111066306032
        },
        "coverage": {
            "count": 750,
            "threshold": 209.42780426183427,
            "image_paths": ["img.png"],
            "coverage_scores": [323.10607675069775]
            },
        "parity": {
            "parity": 0.25
        },
        "sufficiency": {
            "model": {
                "Accuracy": [0.09469168, 0.25907516, 0.2980095 , 0.32328174, 0.34242124,
                0.35799568, 0.37121329, 0.38274579, 0.3930078 , 0.40227439,
                0.41073801, 0.41853891, 0.42578264, 0.43255078, 0.43890773,
                0.44490532, 0.4505859 , 0.45598452, 0.4611306 , 0.46604903,
                0.4707611 , 0.47528516, 0.47963714, 0.48383098, 0.48787895,
                0.49179187, 0.4955794 , 0.49925016, 0.50281187, 0.50627149,
                0.50963534, 0.51290911, 0.51609801, 0.5192068 , 0.52223982,
                0.52520108, 0.52809424, 0.5309227 , 0.5336896 , 0.53639785,
                0.53905014, 0.54164899, 0.54419674, 0.54669558, 0.54914754,
                0.55155455, 0.5539184 , 0.55624078, 0.55852328, 0.56076738,
                0.56297451, 0.56514598, 0.56728307, 0.56938695, 0.57145876,
                0.57349956, 0.57551038, 0.57749217, 0.57944585, 0.5813723 ,
                0.58327235, 0.58514679, 0.58699638, 0.58882183, 0.59062385,
                0.59240308, 0.59416017, 0.59589571, 0.59761029, 0.59930447,
                0.60097877, 0.6026337 , 0.60426977, 0.60588744, 0.60748717,
                0.60906939, 0.61063453, 0.61218299, 0.61371517, 0.61523143,
                0.61673214, 0.61821766, 0.61968833, 0.62114446, 0.62258637,
                0.62401438, 0.62542878, 0.62682984, 0.62821786, 0.62959309,
                0.6309558 , 0.63230623, 0.63364464, 0.63497125, 0.6362863 ,
                0.63759001, 0.63888259, 0.64016426, 0.64143521, 0.64269565],
                "_STEPS_": [1.000e+00, 1.010e+02, 2.010e+02, 3.010e+02, 4.010e+02, 5.010e+02,
                6.010e+02, 7.010e+02, 8.010e+02, 9.010e+02, 1.001e+03, 1.101e+03,
                1.201e+03, 1.301e+03, 1.401e+03, 1.501e+03, 1.601e+03, 1.701e+03,
                1.801e+03, 1.901e+03, 2.001e+03, 2.101e+03, 2.201e+03, 2.301e+03,
                2.401e+03, 2.501e+03, 2.601e+03, 2.701e+03, 2.801e+03, 2.901e+03,
                3.001e+03, 3.101e+03, 3.201e+03, 3.301e+03, 3.401e+03, 3.501e+03,
                3.601e+03, 3.701e+03, 3.801e+03, 3.901e+03, 4.001e+03, 4.101e+03,
                4.201e+03, 4.301e+03, 4.401e+03, 4.501e+03, 4.601e+03, 4.701e+03,
                4.801e+03, 4.901e+03, 5.001e+03, 5.101e+03, 5.201e+03, 5.301e+03,
                5.401e+03, 5.501e+03, 5.601e+03, 5.701e+03, 5.801e+03, 5.901e+03,
                6.001e+03, 6.101e+03, 6.201e+03, 6.301e+03, 6.401e+03, 6.501e+03,
                6.601e+03, 6.701e+03, 6.801e+03, 6.901e+03, 7.001e+03, 7.101e+03,
                7.201e+03, 7.301e+03, 7.401e+03, 7.501e+03, 7.601e+03, 7.701e+03,
                7.801e+03, 7.901e+03, 8.001e+03, 8.101e+03, 8.201e+03, 8.301e+03,
                8.401e+03, 8.501e+03, 8.601e+03, 8.701e+03, 8.801e+03, 8.901e+03,
                9.001e+03, 9.101e+03, 9.201e+03, 9.301e+03, 9.401e+03, 9.501e+03,
                9.601e+03, 9.701e+03, 9.801e+03, 9.901e+03],
                "_PARAMS_": [0.5, 0.5, 0.5]
            },
            "comparison_model": {
                "Accuracy": [0.18432106, 0.26024506, 0.28857813, 0.30917224, 0.32593572,
                0.3403244 , 0.35306491, 0.36457989, 0.37513995, 0.38493028,
                0.394084  , 0.40270045, 0.41085602, 0.41861088, 0.42601341,
                0.43310316, 0.43991295, 0.44647034, 0.45279874, 0.45891823,
                0.46484618, 0.47059773, 0.47618617, 0.48162322, 0.48691932,
                0.49208376, 0.49712491, 0.50205027, 0.50686664, 0.51158022,
                0.51619662, 0.52072099, 0.52515805, 0.52951213, 0.53378723,
                0.53798704, 0.54211498, 0.54617424, 0.55016776, 0.55409829,
                0.55796841, 0.56178052, 0.56553688, 0.56923959, 0.57289065,
                0.57649193, 0.58004518, 0.58355208, 0.58701419, 0.590433  ,
                0.59380992, 0.59714629, 0.60044337, 0.60370237, 0.60692444,
                0.61011066, 0.61326208, 0.61637968, 0.61946442, 0.62251719,
                0.62553887, 0.62853027, 0.6314922 , 0.63442541, 0.63733063,
                0.64020855, 0.64305985, 0.64588517, 0.64868513, 0.65146033,
                0.65421134, 0.65693871, 0.65964296, 0.66232463, 0.66498419,
                0.66762214, 0.67023892, 0.67283498, 0.67541075, 0.67796665,
                0.68050308, 0.68302043, 0.68551908, 0.68799938, 0.6904617 ,
                0.69290637, 0.69533373, 0.6977441 , 0.70013779, 0.7025151 ,
                0.70487633, 0.70722177, 0.70955168, 0.71186635, 0.71416603,
                0.71645098, 0.71872144, 0.72097766, 0.72321987, 0.72544831],
                "_STEPS_": [1.000e+00, 1.010e+02, 2.010e+02, 3.010e+02, 4.010e+02, 5.010e+02,
                6.010e+02, 7.010e+02, 8.010e+02, 9.010e+02, 1.001e+03, 1.101e+03,
                1.201e+03, 1.301e+03, 1.401e+03, 1.501e+03, 1.601e+03, 1.701e+03,
                1.801e+03, 1.901e+03, 2.001e+03, 2.101e+03, 2.201e+03, 2.301e+03,
                2.401e+03, 2.501e+03, 2.601e+03, 2.701e+03, 2.801e+03, 2.901e+03,
                3.001e+03, 3.101e+03, 3.201e+03, 3.301e+03, 3.401e+03, 3.501e+03,
                3.601e+03, 3.701e+03, 3.801e+03, 3.901e+03, 4.001e+03, 4.101e+03,
                4.201e+03, 4.301e+03, 4.401e+03, 4.501e+03, 4.601e+03, 4.701e+03,
                4.801e+03, 4.901e+03, 5.001e+03, 5.101e+03, 5.201e+03, 5.301e+03,
                5.401e+03, 5.501e+03, 5.601e+03, 5.701e+03, 5.801e+03, 5.901e+03,
                6.001e+03, 6.101e+03, 6.201e+03, 6.301e+03, 6.401e+03, 6.501e+03,
                6.601e+03, 6.701e+03, 6.801e+03, 6.901e+03, 7.001e+03, 7.101e+03,
                7.201e+03, 7.301e+03, 7.401e+03, 7.501e+03, 7.601e+03, 7.701e+03,
                7.801e+03, 7.901e+03, 8.001e+03, 8.101e+03, 8.201e+03, 8.301e+03,
                8.401e+03, 8.501e+03, 8.601e+03, 8.701e+03, 8.801e+03, 8.901e+03,
                9.001e+03, 9.101e+03, 9.201e+03, 9.301e+03, 9.401e+03, 9.501e+03,
                9.601e+03, 9.701e+03, 9.801e+03, 9.901e+03],
                "_PARAMS_": [0.5, 0.5, 0.5]
            }
        }
    },
    "ks": {
        "is_drift": true,
        "pvalue": 2.0589169e-04,
        "val": 0.033875
    },
    "mmd": {
        "is_drift": true,
        "pvalue": 0.0,
        "val": 0.0027
    },
    "operational": {
        "balance": {
            "classes": [],
            "factors": []
        },
        "ber": {
            "ber": 0.533125,
            "ber_lower": 0.3237249653914813,
            "max_accuracy": 0.6762750346085187
        },
        "coverage": {
            "count": 123,
            "threshold": 209.42780426183427,
            "image_paths": ["img.png"],
            "coverage_scores": [275.77]
            },
        "parity": {
            "parity": 0.25
        }
    }
}